"Status","Start Time","Stop Time","Duration in ms","Parent Suite","Suite","Sub Suite","Test Class","Test Method","Name","Description"
"passed","Mon Aug 26 16:34:47 CST 2024","Mon Aug 26 16:34:48 CST 2024","1259","testcase","test_case","TestQitanApi","","","公司变革数据",""
"passed","Mon Aug 26 16:35:15 CST 2024","Mon Aug 26 16:35:16 CST 2024","26","testcase","test_case","TestQitanApi","","","五力分析模型",""
"passed","Mon Aug 26 16:35:15 CST 2024","Mon Aug 26 16:35:15 CST 2024","193","testcase","test_case","TestQitanApi","","","五力分析行业的数据",""
"passed","Mon Aug 26 16:35:14 CST 2024","Mon Aug 26 16:35:15 CST 2024","517","testcase","test_case","TestQitanApi","","","行业集中度",""
"passed","Mon Aug 26 16:35:19 CST 2024","Mon Aug 26 16:35:19 CST 2024","56","testcase","test_case","TestQitanApi","","","产业链产品",""
"passed","Mon Aug 26 16:34:47 CST 2024","Mon Aug 26 16:34:47 CST 2024","53","testcase","test_case","TestQitanApi","","","获取公司年份",""
"passed","Mon Aug 26 16:35:18 CST 2024","Mon Aug 26 16:35:19 CST 2024","712","testcase","test_case","TestQitanApi","","","同业公司对比",""
"passed","Mon Aug 26 16:34:57 CST 2024","Mon Aug 26 16:34:57 CST 2024","34","testcase","test_case","TestQitanApi","","","经营系统管理熵",""
"passed","Mon Aug 26 16:35:19 CST 2024","Mon Aug 26 16:35:19 CST 2024","81","testcase","test_case","TestQitanApi","","","行业排行榜",""
"passed","Mon Aug 26 16:34:51 CST 2024","Mon Aug 26 16:34:56 CST 2024","4565","testcase","test_case","TestQitanApi","","","单项经营能力熵值分析",""
"passed","Mon Aug 26 16:35:05 CST 2024","Mon Aug 26 16:35:07 CST 2024","1457","testcase","test_case","TestQitanApi","","","企业筛选",""
"passed","Mon Aug 26 16:35:08 CST 2024","Mon Aug 26 16:35:08 CST 2024","30","testcase","test_case","TestQitanApi","","","行业财务分析",""
"passed","Mon Aug 26 16:34:46 CST 2024","Mon Aug 26 16:34:47 CST 2024","194","testcase","test_case","TestQitanApi","","","登录",""
"passed","Mon Aug 26 16:34:48 CST 2024","Mon Aug 26 16:34:51 CST 2024","2361","testcase","test_case","TestQitanApi","","","主营构成",""
"passed","Mon Aug 26 16:34:59 CST 2024","Mon Aug 26 16:34:59 CST 2024","63","testcase","test_case","TestQitanApi","","","经营诊断详情neo4j",""
"passed","Mon Aug 26 16:34:47 CST 2024","Mon Aug 26 16:34:47 CST 2024","41","testcase","test_case","TestQitanApi","","","小程序公司nlg",""
"passed","Mon Aug 26 16:34:56 CST 2024","Mon Aug 26 16:34:56 CST 2024","59","testcase","test_case","TestQitanApi","","","猜你想看",""
"passed","Mon Aug 26 16:34:57 CST 2024","Mon Aug 26 16:34:58 CST 2024","1162","testcase","test_case","TestQitanApi","","","企业经营系统管理熵评价系统",""
"passed","Mon Aug 26 16:34:56 CST 2024","Mon Aug 26 16:34:56 CST 2024","25","testcase","test_case","TestQitanApi","","","范式成长画像",""
"passed","Mon Aug 26 16:34:56 CST 2024","Mon Aug 26 16:34:57 CST 2024","372","testcase","test_case","TestQitanApi","","","对比公司管理熵排名和值",""
"passed","Mon Aug 26 16:34:51 CST 2024","Mon Aug 26 16:34:51 CST 2024","33","testcase","test_case","TestQitanApi","","","管理熵核心评价维度对比",""
"passed","Mon Aug 26 16:35:05 CST 2024","Mon Aug 26 16:35:05 CST 2024","55","testcase","test_case","TestQitanApi","","","保存2024年基线指标的数值",""
"passed","Mon Aug 26 16:35:22 CST 2024","Mon Aug 26 16:35:22 CST 2024","118","testcase","test_case","TestQitanApi","","","创建公司",""
"passed","Mon Aug 26 16:35:35 CST 2024","Mon Aug 26 16:35:36 CST 2024","1284","testcase","test_case","TestQitanApi","","","现金流量表上传数据",""
"passed","Mon Aug 26 16:34:59 CST 2024","Mon Aug 26 16:34:59 CST 2024","131","testcase","test_case","TestQitanApi","","","新增分析点",""
"passed","Mon Aug 26 16:35:23 CST 2024","Mon Aug 26 16:35:23 CST 2024","372","testcase","test_case","TestQitanApi","","","公司详情",""
"passed","Mon Aug 26 16:35:19 CST 2024","Mon Aug 26 16:35:19 CST 2024","45","testcase","test_case","TestQitanApi","","","热门赛道",""
"passed","Mon Aug 26 16:35:01 CST 2024","Mon Aug 26 16:35:05 CST 2024","4032","testcase","test_case","TestQitanApi","","","专题诊断详情",""
"passed","Mon Aug 26 16:34:47 CST 2024","Mon Aug 26 16:34:47 CST 2024","31","testcase","test_case","TestQitanApi","","","获取用户角色",""
"passed","Mon Aug 26 16:34:47 CST 2024","Mon Aug 26 16:34:47 CST 2024","35","testcase","test_case","TestQitanApi","","","获取用户信息",""
"passed","Mon Aug 26 16:34:57 CST 2024","Mon Aug 26 16:34:57 CST 2024","37","testcase","test_case","TestQitanApi","","","熵流分析",""
"passed","Mon Aug 26 16:34:47 CST 2024","Mon Aug 26 16:34:47 CST 2024","48","testcase","test_case","TestQitanApi","","","公司相关产业链",""
"passed","Mon Aug 26 16:34:56 CST 2024","Mon Aug 26 16:34:56 CST 2024","269","testcase","test_case","TestQitanApi","","","公司范式阶段",""
"passed","Mon Aug 26 16:34:51 CST 2024","Mon Aug 26 16:34:51 CST 2024","76","testcase","test_case","TestQitanApi","","","管理熵的行业熵流",""
"passed","Mon Aug 26 16:34:58 CST 2024","Mon Aug 26 16:34:59 CST 2024","231","testcase","test_case","TestQitanApi","","","经营诊断详情",""
"passed","Mon Aug 26 16:34:51 CST 2024","Mon Aug 26 16:34:51 CST 2024","174","testcase","test_case","TestQitanApi","","","最新年份数据、二级行业的数据",""
"passed","Mon Aug 26 16:34:59 CST 2024","Mon Aug 26 16:35:01 CST 2024","2005","testcase","test_case","TestQitanApi","","","删除分析点",""
"passed","Mon Aug 26 16:35:19 CST 2024","Mon Aug 26 16:35:19 CST 2024","34","testcase","test_case","TestQitanApi","","","我的产业链",""
"passed","Mon Aug 26 16:35:19 CST 2024","Mon Aug 26 16:35:19 CST 2024","154","testcase","test_case","TestQitanApi","","","产业链全景",""
"passed","Mon Aug 26 16:34:47 CST 2024","Mon Aug 26 16:34:47 CST 2024","83","testcase","test_case","TestQitanApi","","","公司信息",""
"passed","Mon Aug 26 16:35:01 CST 2024","Mon Aug 26 16:35:01 CST 2024","50","testcase","test_case","TestQitanApi","","","经营诊断核心亮点",""
"passed","Mon Aug 26 16:35:05 CST 2024","Mon Aug 26 16:35:05 CST 2024","80","testcase","test_case","TestQitanApi","","","查询公司的指标数据",""
"passed","Mon Aug 26 16:35:08 CST 2024","Mon Aug 26 16:35:08 CST 2024","41","testcase","test_case","TestQitanApi","","","行业管理熵发展",""
"passed","Mon Aug 26 16:34:58 CST 2024","Mon Aug 26 16:34:58 CST 2024","194","testcase","test_case","TestQitanApi","","","企业核心财务数据",""
"passed","Mon Aug 26 16:35:31 CST 2024","Mon Aug 26 16:35:35 CST 2024","3830","testcase","test_case","TestQitanApi","","","利润表上插入数据",""
"passed","Mon Aug 26 16:35:11 CST 2024","Mon Aug 26 16:35:14 CST 2024","3443","testcase","test_case","TestQitanApi","","","行业竞争梯队",""
"passed","Mon Aug 26 16:35:19 CST 2024","Mon Aug 26 16:35:21 CST 2024","1229","testcase","test_case","TestQitanApi","","","产业链保存产品",""
"passed","Mon Aug 26 16:35:15 CST 2024","Mon Aug 26 16:35:15 CST 2024","536","testcase","test_case","TestQitanApi","","","行业分析头部子行业行业龙头",""
"passed","Mon Aug 26 16:35:41 CST 2024","Mon Aug 26 16:35:42 CST 2024","1086","testcase","test_case","TestQitanApi","","","完成开始计算第一步",""
"passed","Mon Aug 26 16:34:56 CST 2024","Mon Aug 26 16:34:56 CST 2024","97","testcase","test_case","TestQitanApi","","","生成报告",""
"passed","Mon Aug 26 16:35:19 CST 2024","Mon Aug 26 16:35:19 CST 2024","30","testcase","test_case","TestQitanApi","","","行业排行榜配置",""
"passed","Mon Aug 26 16:35:21 CST 2024","Mon Aug 26 16:35:21 CST 2024","72","testcase","test_case","TestQitanApi","","","删除产业链",""
"passed","Mon Aug 26 16:37:00 CST 2024","Mon Aug 26 16:37:02 CST 2024","1804","testcase","test_case","TestQitanApi","","","改变角色",""
"passed","Mon Aug 26 16:35:07 CST 2024","Mon Aug 26 16:35:08 CST 2024","730","testcase","test_case","TestQitanApi","","","行业发展趋势",""
"passed","Mon Aug 26 16:35:08 CST 2024","Mon Aug 26 16:35:08 CST 2024","32","testcase","test_case","TestQitanApi","","","行业发展趋势",""
"passed","Mon Aug 26 16:35:16 CST 2024","Mon Aug 26 16:35:18 CST 2024","2317","testcase","test_case","TestQitanApi","","","行业绩效分析",""
"passed","Mon Aug 26 16:35:21 CST 2024","Mon Aug 26 16:35:22 CST 2024","1413","testcase","test_case","TestQitanApi","","","企业排行榜二级页面",""
"passed","Mon Aug 26 16:35:05 CST 2024","Mon Aug 26 16:35:05 CST 2024","32","testcase","test_case","TestQitanApi","","","企业筛选病症",""
"passed","Mon Aug 26 16:34:56 CST 2024","Mon Aug 26 16:34:56 CST 2024","37","testcase","test_case","TestQitanApi","","","公司行业信息",""
"passed","Mon Aug 26 16:34:59 CST 2024","Mon Aug 26 16:34:59 CST 2024","183","testcase","test_case","TestQitanApi","","","经营诊断编辑页",""
"passed","Mon Aug 26 16:35:21 CST 2024","Mon Aug 26 16:35:21 CST 2024","34","testcase","test_case","TestQitanApi","","","企业排行榜模块",""
"passed","Mon Aug 26 16:35:01 CST 2024","Mon Aug 26 16:35:01 CST 2024","34","testcase","test_case","TestQitanApi","","","经营诊退出断编辑页",""
"passed","Mon Aug 26 16:34:48 CST 2024","Mon Aug 26 16:34:48 CST 2024","29","testcase","test_case","TestQitanApi","","","企业行业",""
"passed","Mon Aug 26 16:35:05 CST 2024","Mon Aug 26 16:35:05 CST 2024","34","testcase","test_case","TestQitanApi","",""," 基线制定设置2024年的基线目标",""
"passed","Mon Aug 26 16:35:19 CST 2024","Mon Aug 26 16:35:19 CST 2024","368","testcase","test_case","TestQitanApi","","","产业链分析",""
"passed","Mon Aug 26 16:35:21 CST 2024","Mon Aug 26 16:35:21 CST 2024","61","testcase","test_case","TestQitanApi","","","新建产业链",""
"passed","Mon Aug 26 16:34:56 CST 2024","Mon Aug 26 16:34:56 CST 2024","105","testcase","test_case","TestQitanApi","","","猜你想看列表",""
"passed","Mon Aug 26 16:35:26 CST 2024","Mon Aug 26 16:35:26 CST 2024","319","testcase","test_case","TestQitanApi","","","上传资产负债表的数据",""
"passed","Mon Aug 26 16:34:56 CST 2024","Mon Aug 26 16:34:56 CST 2024","34","testcase","test_case","TestQitanApi","","","查询公司名称及简称",""
"passed","Mon Aug 26 16:34:56 CST 2024","Mon Aug 26 16:34:56 CST 2024","39","testcase","test_case","TestQitanApi","","","核心财务数据",""
"passed","Mon Aug 26 16:35:19 CST 2024","Mon Aug 26 16:35:19 CST 2024","29","testcase","test_case","TestQitanApi","","","热门公司",""
"passed","Mon Aug 26 16:35:08 CST 2024","Mon Aug 26 16:35:11 CST 2024","2978","testcase","test_case","TestQitanApi","","","行业上市公司分布",""
"passed","Mon Aug 26 16:35:22 CST 2024","Mon Aug 26 16:35:23 CST 2024","166","testcase","test_case","TestQitanApi","","","在线诊断",""
"passed","Mon Aug 26 16:35:26 CST 2024","Mon Aug 26 16:35:26 CST 2024","46","testcase","test_case","TestQitanApi","","","删除资产负债表的20403数据",""
"passed","Mon Aug 26 16:34:57 CST 2024","Mon Aug 26 16:34:57 CST 2024","42","testcase","test_case","TestQitanApi","","","管理熵核心评价维度对比",""
"passed","Mon Aug 26 16:34:51 CST 2024","Mon Aug 26 16:34:51 CST 2024","32","testcase","test_case","TestQitanApi","","","管理熵诊断评价",""
"passed","Mon Aug 26 16:35:23 CST 2024","Mon Aug 26 16:35:26 CST 2024","2681","testcase","test_case","TestQitanApi","","","资产负债表的2023年添加数据",""
"passed","Mon Aug 26 16:34:51 CST 2024","Mon Aug 26 16:34:51 CST 2024","223","testcase","test_case","TestQitanApi","","","管理熵的排名",""
"passed","Mon Aug 26 16:35:30 CST 2024","Mon Aug 26 16:35:31 CST 2024","901","testcase","test_case","TestQitanApi","","","上传利润表的数据",""
"passed","Mon Aug 26 16:35:19 CST 2024","Mon Aug 26 16:35:19 CST 2024","44","testcase","test_case","TestQitanApi","","","产业链创建",""
"passed","Mon Aug 26 16:35:05 CST 2024","Mon Aug 26 16:35:05 CST 2024","64","testcase","test_case","TestQitanApi","","","获取行业",""
"passed","Mon Aug 26 16:35:36 CST 2024","Mon Aug 26 16:35:41 CST 2024","4355","testcase","test_case","TestQitanApi","","","现金流量表上插入数据",""
"passed","Mon Aug 26 16:34:47 CST 2024","Mon Aug 26 16:34:47 CST 2024","28","testcase","test_case","TestQitanApi","","","热搜公司",""
"passed","Mon Aug 26 16:35:26 CST 2024","Mon Aug 26 16:35:30 CST 2024","4323","testcase","test_case","TestQitanApi","","","插入资产负债表的数据",""
"passed","Mon Aug 26 16:35:42 CST 2024","Mon Aug 26 16:37:00 CST 2024","78508","testcase","test_case","TestQitanApi","","","完成开始计算第二步",""
